Model,MRR,Hits@1,Hits@10
TransE,0.4701364999550962,0.25254237288135595,0.940677966101695
DistMult,0.4401499865482916,0.08305084745762711,0.9983050847457627
